id,name,weapon,weapon_type,rarity,collection,price,wear,source,release_year,image,description
1,AK-47 | Redline,AK-47,Rifle,Classified,Phoenix Collection,49.5,Field-Tested,Case Drop,2014,https://steamcdn-a.akamaihd.net/apps/730/icons/econ/default_generated/weapon_ak47_cu_ak47_cobra_light_large.7494bfdf4855fd4e6a2dbd983ed0a243c80ef830.png,Популярный скин для AK-47 с темной основой и красными линиями.
2,AWP | Asiimov,AWP,Sniper Rifle,Covert,Phoenix Collection,129.9,Battle-Scarred,Case Drop,2014,https://steamcdn-a.akamaihd.net/apps/730/icons/econ/default_generated/weapon_awp_cu_awp_asimov_light_large.32d9045f8a2bcd13ca18390cc9fd82026e7195ab.png,Известный скин AWP в футуристичной бело-оранжевой стилистике.
3,M4A4 | Desolate Space,M4A4,Rifle,Classified,Gamma Collection,25.4,Minimal Wear,Case Drop,2016,https://steamcdn-a.akamaihd.net/apps/730/icons/econ/default_generated/weapon_m4a1_cu_m4a4_desolate_space_light_large.1fcbd5e124ae7c54cf12e6f76c431e6671a73845.png,Скин с космической тематикой и яркой иллюстрацией.
4,USP-S | Cortex,USP-S,Pistol,Classified,Clutch Collection,11.2,Field-Tested,Case Drop,2018,https://steamcdn-a.akamaihd.net/apps/730/icons/econ/default_generated/weapon_usp_silencer_cu_usp_cut_light_large.573fc8c594667e378f3ed9890ce48bbb586e8de0.png,Пистолет USP-S с контрастным розово-синим рисунком.
5,Glock-18 | Water Elemental,Glock-18,Pistol,Classified,Breakout Collection,14.8,Minimal Wear,Case Drop,2014,https://steamcdn-a.akamaihd.net/apps/730/icons/econ/default_generated/weapon_glock_cu_glock-liquescent_light_large.151e954ed4aef28ccc55d0ca4b43a7d9644f36ac.png,Яркий пистолетный скин с изображением водного существа.
6,Desert Eagle | Printstream,Desert Eagle,Pistol,Covert,Fracture Collection,82.3,Field-Tested,Case Drop,2020,https://steamcdn-a.akamaihd.net/apps/730/icons/econ/default_generated/weapon_deagle_cu_deag_printstream_light_large.b468e56607da39fb2c88e493456290fd5db174c8.png,Минималистичный белый дизайн с перламутровыми элементами.
7,AK-47 | Slate,AK-47,Rifle,Restricted,Snakebite Collection,8.7,Factory New,Case Drop,2021,https://steamcdn-a.akamaihd.net/apps/730/icons/econ/default_generated/weapon_ak47_gs_ak47_professional_light_large.d09d623d0a725c63e8a3905f66bba41ba2ed59e8.png,Черный универсальный скин для AK-47 без лишних деталей.
8,AWP | Fever Dream,AWP,Sniper Rifle,Classified,Spectrum Collection,18.9,Field-Tested,Case Drop,2017,https://steamcdn-a.akamaihd.net/apps/730/icons/econ/default_generated/weapon_awp_cu_awp_psychopath_light_large.11e54a670b779e1757cce18ea252d70eb35c6a75.png,Скин с хаотичными надписями и яркими акцентами.
9,M4A1-S | Decimator,M4A1-S,Rifle,Classified,Spectrum Collection,32.1,Minimal Wear,Case Drop,2017,https://steamcdn-a.akamaihd.net/apps/730/icons/econ/default_generated/weapon_m4a1_silencer_gs_m4a1_decimator_light_large.5af82e99273fcc0a4ad35b2971b63787ee989d6a.png,Неоновый дизайн для M4A1-S с сине-розовой палитрой.
10,P250 | See Ya Later,P250,Pistol,Covert,Spectrum 2 Collection,7.9,Field-Tested,Case Drop,2017,https://steamcdn-a.akamaihd.net/apps/730/icons/econ/default_generated/weapon_p250_cu_p250_cybercroc_light_large.396de1d53797f8875d242d1eb33d5b81dce2bb8e.png,Яркий P250 с агрессивным мультяшным изображением.
11,MAC-10 | Neon Rider,MAC-10,SMG,Covert,Chroma 2 Collection,12.6,Field-Tested,Case Drop,2015,https://steamcdn-a.akamaihd.net/apps/730/icons/econ/default_generated/weapon_mac10_cu_mac10_neonrider_light_large.4ba82cf2ba2d9fdc694d707b563421bbcc20b174.png,Скин для MAC-10 в ретровейв-стилистике.
12,FAMAS | Roll Cage,FAMAS,Rifle,Covert,Gamma 2 Collection,9.4,Well-Worn,Case Drop,2016,https://steamcdn-a.akamaihd.net/apps/730/icons/econ/default_generated/weapon_famas_gs_famas_rally_light_large.538baee44eb772de95029e4267ea9c41101bbc94.png,Контрастный красно-белый дизайн для FAMAS.
13,MP9 | Food Chain,MP9,SMG,Classified,Snakebite Collection,6.1,Minimal Wear,Case Drop,2021,https://steamcdn-a.akamaihd.net/apps/730/icons/econ/default_generated/weapon_mp9_cu_mp9_food_chain_light_large.5895f4cc864387a61a3783470037e6ed1953f7df.png,Динамичный скин с кислотной цветовой гаммой.
14,Galil AR | Chromatic Aberration,Galil AR,Rifle,Classified,Snakebite Collection,5.2,Field-Tested,Case Drop,2021,https://steamcdn-a.akamaihd.net/apps/730/icons/econ/default_generated/weapon_galilar_cu_galil_chroma_pink_light_large.e29cb838de1fc6318d36ed2d7263b7fcef10a4d8.png,Графичный дизайн с эффектом цветового смещения.
15,Five-SeveN | Angry Mob,Five-SeveN,Pistol,Covert,Prisma Collection,10.5,Field-Tested,Case Drop,2019,https://steamcdn-a.akamaihd.net/apps/730/icons/econ/default_generated/weapon_fiveseven_cu_five_seven_angry_light_large.54986e86178e0462d34fe78b6b726292813541f5.png,Пистолет с ярким уличным рисунком.
16,AK-47 | Nightwish,AK-47,Rifle,Covert,Dreams & Nightmares Collection,38.7,Field-Tested,Case Drop,2022,https://steamcdn-a.akamaihd.net/apps/730/icons/econ/default_generated/weapon_ak47_cu_ak47_nightwish_light_large.0c4581be094e2bd732bec18ebdad2f71b1018af2.png,Фантазийный дизайн AK-47 с неоновыми элементами.
17,MP7 | Bloodsport,MP7,SMG,Covert,Spectrum Collection,6.8,Minimal Wear,Case Drop,2017,https://steamcdn-a.akamaihd.net/apps/730/icons/econ/default_generated/weapon_mp7_gs_mp7_bloodsport_light_large.ab5c304901ceb320482742b041815e7b5e3ccb95.png,Красно-белый спортивный дизайн для MP7.
18,Tec-9 | Fuel Injector,Tec-9,Pistol,Classified,Gamma 2 Collection,9.8,Field-Tested,Case Drop,2016,https://steamcdn-a.akamaihd.net/apps/730/icons/econ/default_generated/weapon_tec9_gs_tec9_supercharged_light_large.e3ebc20f10eae02790fe95703b6099acca1d1809.png,Технический желто-черный дизайн для Tec-9.
19,AWP | Neo-Noir,AWP,Sniper Rifle,Covert,Danger Zone Collection,34.6,Field-Tested,Case Drop,2018,https://steamcdn-a.akamaihd.net/apps/730/icons/econ/default_generated/weapon_awp_cu_awp_neonoir_light_large.c5dd57f8555d13c41f08024f27a9314074b698af.png,AWP в стиле нео-нуар с контрастной иллюстрацией.
20,M4A4 | In Living Color,M4A4,Rifle,Covert,Snakebite Collection,24.2,Field-Tested,Case Drop,2021,https://steamcdn-a.akamaihd.net/apps/730/icons/econ/default_generated/weapon_m4a1_cu_m4a4_love_light_large.5f7f6a3085aedc1a878dd10881144e7898a2db3d.png,Яркий скин M4A4 с граффити-эстетикой.
